Motif.Name,Consensus,P.value,Log.P.value,q.value..Benjamini.,X..of.Target.Sequences.with.Motif.of.8185.,X..of.Target.Sequences.with.Motif,X..of.Background.Sequences.with.Motif.of.24720.,X..of.Background.Sequences.with.Motif,Group,Rank,Motif_raw,Motif,neg_log10_p,Motif_file,X..of.Target.Sequences.with.Motif.of.537.,X..of.Background.Sequences.with.Motif.of.98733.,X..of.Background.Sequences.with.Motif.of.99347.,X..of.Target.Sequences.with.Motif.of.1760.,X..of.Background.Sequences.with.Motif.of.38325.
"FOXA1:AR(Forkhead,NR)/LNCAP-AR-ChIP-Seq(GSE27824)/Homer",AGTAAACAAAAAAGAACAND,0,-1656,0,1709,20.88%,936.9,3.79%,AR original sites,1,"FOXA1:AR(Forkhead,NR)/LNCAP-AR-ChIP-Seq(GSE27824)/Homer",FOXA1:AR,350,homer_AR_original/knownResults/known1.motif,NA,NA,NA,NA,NA
"GRE(NR),IR3/RAW264.7-GRE-ChIP-Seq(Unpublished)/Homer",VAGRACAKWCTGTYC,0,-1614,0,2113,25.82%,1516.1,6.13%,AR original sites,2,"GRE(NR),IR3/RAW264.7-GRE-ChIP-Seq(Unpublished)/Homer",GRE,350,homer_AR_original/knownResults/known2.motif,NA,NA,NA,NA,NA
ARE(NR)/LNCAP-AR-ChIP-Seq(GSE27824)/Homer,RGRACASNSTGTYCYB,0,-1458,0,2082,25.44%,1613.8,6.53%,AR original sites,3,ARE(NR)/LNCAP-AR-ChIP-Seq(GSE27824)/Homer,ARE,350,homer_AR_original/knownResults/known3.motif,NA,NA,NA,NA,NA
"GRE(NR),IR3/A549-GR-ChIP-Seq(GSE32465)/Homer",NRGVACABNVTGTYCY,0,-1444,0,1473,18.00%,786.4,3.18%,AR original sites,4,"GRE(NR),IR3/A549-GR-ChIP-Seq(GSE32465)/Homer",GRE,350,homer_AR_original/knownResults/known4.motif,NA,NA,NA,NA,NA
PGR(NR)/EndoStromal-PGR-ChIP-Seq(GSE69539)/Homer,AAGAACATWHTGTTC,0,-1394,0,2112,25.81%,1725.7,6.98%,AR original sites,5,PGR(NR)/EndoStromal-PGR-ChIP-Seq(GSE69539)/Homer,PGR,350,homer_AR_original/knownResults/known5.motif,NA,NA,NA,NA,NA
Foxa2(Forkhead)/Liver-Foxa2-ChIP-Seq(GSE25694)/Homer,CYTGTTTACWYW,0,-1109,0,4227,51.65%,6695.4,27.07%,AR original sites,6,Foxa2(Forkhead)/Liver-Foxa2-ChIP-Seq(GSE25694)/Homer,Foxa2,350,homer_AR_original/knownResults/known6.motif,NA,NA,NA,NA,NA
FOXA1(Forkhead)/MCF7-FOXA1-ChIP-Seq(GSE26831)/Homer,WAAGTAAACA,0,-1079,0,5157,63.01%,9312,37.65%,AR original sites,7,FOXA1(Forkhead)/MCF7-FOXA1-ChIP-Seq(GSE26831)/Homer,FOXA1,350,homer_AR_original/knownResults/known7.motif,NA,NA,NA,NA,NA
FOXM1(Forkhead)/MCF7-FOXM1-ChIP-Seq(GSE72977)/Homer,TRTTTACTTW,0,-1079,0,5173,63.21%,9359.3,37.84%,AR original sites,8,FOXM1(Forkhead)/MCF7-FOXM1-ChIP-Seq(GSE72977)/Homer,FOXM1,350,homer_AR_original/knownResults/known8.motif,NA,NA,NA,NA,NA
Foxa3(Forkhead)/Liver-Foxa3-ChIP-Seq(GSE77670)/Homer,BSNTGTTTACWYWGN,0,-1076,0,2485,30.36%,2803.4,11.34%,AR original sites,9,Foxa3(Forkhead)/Liver-Foxa3-ChIP-Seq(GSE77670)/Homer,Foxa3,350,homer_AR_original/knownResults/known9.motif,NA,NA,NA,NA,NA
FOXA1(Forkhead)/LNCAP-FOXA1-ChIP-Seq(GSE27824)/Homer,WAAGTAAACA,0,-977.8,0,5539,67.68%,10750.4,43.47%,AR original sites,10,FOXA1(Forkhead)/LNCAP-FOXA1-ChIP-Seq(GSE27824)/Homer,FOXA1,350,homer_AR_original/knownResults/known10.motif,NA,NA,NA,NA,NA
CTCF(Zf)/CD4+-CTCF-ChIP-Seq(Barski_et_al.)/Homer,AYAGTGCCMYCTRGTGGCCA,1e-37,-85.62,0,NA,34.64%,NA,12.93%,ChIP-SP positive bins,1,CTCF(Zf)/CD4+-CTCF-ChIP-Seq(Barski_et_al.)/Homer,CTCF,37,homer_HiC_AR_positive/knownResults/known1.motif,186,12766.2,NA,NA,NA
BORIS(Zf)/K562-CTCFL-ChIP-Seq(GSE32465)/Homer,CNNBRGCGCCCCCTGSTGGC,1e-25,-59.18,0,NA,38.55%,NA,18.86%,ChIP-SP positive bins,2,BORIS(Zf)/K562-CTCFL-ChIP-Seq(GSE32465)/Homer,BORIS,25,homer_HiC_AR_positive/knownResults/known2.motif,207,18616.3,NA,NA,NA
PU.1:IRF8(ETS:IRF)/pDC-Irf8-ChIP-Seq(GSE66899)/Homer,GGAAGTGAAAST,0.01,-5.996,0.3917,NA,42.09%,NA,36.12%,ChIP-SP positive bins,3,PU.1:IRF8(ETS:IRF)/pDC-Irf8-ChIP-Seq(GSE66899)/Homer,PU.1:IRF8,2,homer_HiC_AR_positive/knownResults/known3.motif,226,35659.7,NA,NA,NA
Pdx1(Homeobox)/Islet-Pdx1-ChIP-Seq(SRA008281)/Homer,YCATYAATCA,0.01,-5.804,0.3917,NA,95.34%,NA,92.27%,ChIP-SP positive bins,4,Pdx1(Homeobox)/Islet-Pdx1-ChIP-Seq(SRA008281)/Homer,Pdx1,2,homer_HiC_AR_positive/knownResults/known4.motif,512,91097.3,NA,NA,NA
CEBP:AP1(bZIP)/ThioMac-CEBPb-ChIP-Seq(GSE21512)/Homer,DRTGTTGCAA,0.01,-5.762,0.3917,NA,90.50%,NA,86.54%,ChIP-SP positive bins,5,CEBP:AP1(bZIP)/ThioMac-CEBPb-ChIP-Seq(GSE21512)/Homer,CEBP:AP1,2,homer_HiC_AR_positive/knownResults/known5.motif,486,85441,NA,NA,NA
ETS1(ETS)/Jurkat-ETS1-ChIP-Seq(GSE17954)/Homer,ACAGGAAGTG,0.01,-5.565,0.3917,NA,89.76%,NA,85.79%,ChIP-SP positive bins,6,ETS1(ETS)/Jurkat-ETS1-ChIP-Seq(GSE17954)/Homer,ETS1,2,homer_HiC_AR_positive/knownResults/known6.motif,482,84700.2,NA,NA,NA
NeuroG2(bHLH)/Fibroblast-NeuroG2-ChIP-Seq(GSE75910)/Homer,ACCATCTGTT,0.01,-5.514,0.3917,NA,98.14%,NA,95.99%,ChIP-SP positive bins,7,NeuroG2(bHLH)/Fibroblast-NeuroG2-ChIP-Seq(GSE75910)/Homer,NeuroG2,2,homer_HiC_AR_positive/knownResults/known7.motif,527,94768.7,NA,NA,NA
Hoxd9(Homeobox)/EB-Hoxd9.HA-ChIP-Seq(GSE142377)/Homer,RTGATTTATGGY,0.01,-5.322,0.3917,NA,75.23%,NA,70.11%,ChIP-SP positive bins,8,Hoxd9(Homeobox)/EB-Hoxd9.HA-ChIP-Seq(GSE142377)/Homer,Hoxd9,2,homer_HiC_AR_positive/knownResults/known8.motif,404,69220.4,NA,NA,NA
Atf4(bZIP)/MEF-Atf4-ChIP-Seq(GSE35681)/Homer,MTGATGCAAT,0.01,-5.276,0.3917,NA,60.71%,NA,55.13%,ChIP-SP positive bins,9,Atf4(bZIP)/MEF-Atf4-ChIP-Seq(GSE35681)/Homer,Atf4,2,homer_HiC_AR_positive/knownResults/known9.motif,326,54425,NA,NA,NA
ZNF148(Zf)/MDAMB231-ZNF148-ChIP-Seq(GSE147020)/Homer,CCCCTCCCCCAC,0.01,-5.176,0.3917,NA,58.66%,NA,53.13%,ChIP-SP positive bins,10,ZNF148(Zf)/MDAMB231-ZNF148-ChIP-Seq(GSE147020)/Homer,ZNF148,2,homer_HiC_AR_positive/knownResults/known10.motif,315,52450.5,NA,NA,NA
CTCF(Zf)/CD4+-CTCF-ChIP-Seq(Barski_et_al.)/Homer,AYAGTGCCMYCTRGTGGCCA,1e-49,-114.6,0,NA,38.55%,NA,12.90%,ChIP-SP negative bins,1,CTCF(Zf)/CD4+-CTCF-ChIP-Seq(Barski_et_al.)/Homer,CTCF,49,homer_HiC_AR_negative_random537/knownResults/known1.motif,207,NA,12815.8,NA,NA
BORIS(Zf)/K562-CTCFL-ChIP-Seq(GSE32465)/Homer,CNNBRGCGCCCCCTGSTGGC,1e-35,-81.18,0,NA,41.34%,NA,18.10%,ChIP-SP negative bins,2,BORIS(Zf)/K562-CTCFL-ChIP-Seq(GSE32465)/Homer,BORIS,35,homer_HiC_AR_negative_random537/knownResults/known2.motif,222,NA,17988.9,NA,NA
ZNF148(Zf)/MDAMB231-ZNF148-ChIP-Seq(GSE147020)/Homer,CCCCTCCCCCAC,0.01,-5.769,0.4912,NA,57.91%,NA,51.94%,ChIP-SP negative bins,3,ZNF148(Zf)/MDAMB231-ZNF148-ChIP-Seq(GSE147020)/Homer,ZNF148,2,homer_HiC_AR_negative_random537/knownResults/known3.motif,311,NA,51607.9,NA,NA
Foxo3(Forkhead)/U2OS-Foxo3-ChIP-Seq(E-MTAB-2701)/Homer,DGTAAACA,0.01,-5.6,0.4912,NA,91.25%,NA,87.48%,ChIP-SP negative bins,4,Foxo3(Forkhead)/U2OS-Foxo3-ChIP-Seq(E-MTAB-2701)/Homer,Foxo3,2,homer_HiC_AR_negative_random537/knownResults/known4.motif,490,NA,86923.4,NA,NA
TCF4(bHLH)/SHSY5Y-TCF4-ChIP-Seq(GSE96915)/Homer,SMCATCTGKH,0.01,-5.232,0.5045,NA,97.95%,NA,95.83%,ChIP-SP negative bins,5,TCF4(bHLH)/SHSY5Y-TCF4-ChIP-Seq(GSE96915)/Homer,TCF4,2,homer_HiC_AR_negative_random537/knownResults/known5.motif,526,NA,95214.8,NA,NA
Mouse_Recombination_Hotspot(Zf)/Testis-DMC1-ChIP-Seq(GSE24438)/Homer,ACTYKNATTCGTGNTACTTC,0.01,-5.142,0.5045,NA,20.86%,NA,16.61%,ChIP-SP negative bins,6,Mouse_Recombination_Hotspot(Zf)/Testis-DMC1-ChIP-Seq(GSE24438)/Homer,Mouse_Recombination_Hotspot,2,homer_HiC_AR_negative_random537/knownResults/known6.motif,112,NA,16503.2,NA,NA
Foxh1(Forkhead)/hESC-FOXH1-ChIP-Seq(GSE29422)/Homer,NNTGTGGATTSS,0.01,-5.127,0.5045,NA,85.85%,NA,81.66%,ChIP-SP negative bins,7,Foxh1(Forkhead)/hESC-FOXH1-ChIP-Seq(GSE29422)/Homer,Foxh1,2,homer_HiC_AR_negative_random537/knownResults/known7.motif,461,NA,81142.6,NA,NA
ARE(NR)/LNCAP-AR-ChIP-Seq(GSE27824)/Homer,RGRACASNSTGTYCYB,1e-19,-44.52,0,NA,59.49%,NA,48.64%,Positive vs negative,1,ARE(NR)/LNCAP-AR-ChIP-Seq(GSE27824)/Homer,ARE,19,homer_HiC_AR_positive_vs_negative/knownResults/known1.motif,NA,NA,NA,1047,18641.2
ZNF148(Zf)/MDAMB231-ZNF148-ChIP-Seq(GSE147020)/Homer,CCCCTCCCCCAC,1e-18,-42.11,0,NA,75.97%,NA,66.26%,Positive vs negative,2,ZNF148(Zf)/MDAMB231-ZNF148-ChIP-Seq(GSE147020)/Homer,ZNF148,18,homer_HiC_AR_positive_vs_negative/knownResults/known2.motif,NA,NA,NA,1337,25393.8
USF1(bHLH)/GM12878-Usf1-ChIP-Seq(GSE32465)/Homer,SGTCACGTGR,1e-16,-38.43,0,NA,75.45%,NA,66.19%,Positive vs negative,3,USF1(bHLH)/GM12878-Usf1-ChIP-Seq(GSE32465)/Homer,USF1,16,homer_HiC_AR_positive_vs_negative/knownResults/known3.motif,NA,NA,NA,1328,25366.8
PU.1:IRF8(ETS:IRF)/pDC-Irf8-ChIP-Seq(GSE66899)/Homer,GGAAGTGAAAST,1e-16,-38.29,0,NA,63.35%,NA,53.42%,Positive vs negative,4,PU.1:IRF8(ETS:IRF)/pDC-Irf8-ChIP-Seq(GSE66899)/Homer,PU.1:IRF8,16,homer_HiC_AR_positive_vs_negative/knownResults/known4.motif,NA,NA,NA,1115,20472.7
"GRE(NR),IR3/RAW264.7-GRE-ChIP-Seq(Unpublished)/Homer",VAGRACAKWCTGTYC,1e-16,-36.96,0,NA,60.28%,NA,50.48%,Positive vs negative,5,"GRE(NR),IR3/RAW264.7-GRE-ChIP-Seq(Unpublished)/Homer",GRE,16,homer_HiC_AR_positive_vs_negative/knownResults/known5.motif,NA,NA,NA,1061,19344.6
"GATA(Zf),IR3/iTreg-Gata3-ChIP-Seq(GSE20898)/Homer",NNNNNBAGATAWYATCTVHN,1e-15,-36.72,0,NA,66.99%,NA,57.41%,Positive vs negative,6,"GATA(Zf),IR3/iTreg-Gata3-ChIP-Seq(GSE20898)/Homer",GATA,15,homer_HiC_AR_positive_vs_negative/knownResults/known6.motif,NA,NA,NA,1179,22001.8
"FOXA1:AR(Forkhead,NR)/LNCAP-AR-ChIP-Seq(GSE27824)/Homer",AGTAAACAAAAAAGAACAND,1e-15,-36.49,0,NA,48.41%,NA,38.77%,Positive vs negative,7,"FOXA1:AR(Forkhead,NR)/LNCAP-AR-ChIP-Seq(GSE27824)/Homer",FOXA1:AR,15,homer_HiC_AR_positive_vs_negative/knownResults/known7.motif,NA,NA,NA,852,14859
PGR(NR)/EndoStromal-PGR-ChIP-Seq(GSE69539)/Homer,AAGAACATWHTGTTC,1e-15,-36.03,0,NA,67.95%,NA,58.52%,Positive vs negative,8,PGR(NR)/EndoStromal-PGR-ChIP-Seq(GSE69539)/Homer,PGR,15,homer_HiC_AR_positive_vs_negative/knownResults/known8.motif,NA,NA,NA,1196,22426.1
CLOCK(bHLH)/Liver-Clock-ChIP-Seq(GSE39860)/Homer,GHCACGTG,1e-15,-35.81,0,NA,81.31%,NA,73.03%,Positive vs negative,9,CLOCK(bHLH)/Liver-Clock-ChIP-Seq(GSE39860)/Homer,CLOCK,15,homer_HiC_AR_positive_vs_negative/knownResults/known9.motif,NA,NA,NA,1431,27985.9
IRF1(IRF)/PBMC-IRF1-ChIP-Seq(GSE43036)/Homer,GAAAGTGAAAGT,1e-15,-35.76,0,NA,56.99%,NA,47.33%,Positive vs negative,10,IRF1(IRF)/PBMC-IRF1-ChIP-Seq(GSE43036)/Homer,IRF1,15,homer_HiC_AR_positive_vs_negative/knownResults/known10.motif,NA,NA,NA,1003,18137.8
